<?xml version = '1.0' encoding = 'UTF-8'?>
<relationalModel class="oracle.dbtools.crest.model.design.relational.RelationalDesign" name="Relational_1" id="1A71CFE1-0F22-FA71-95E8-E587F36DC08C" mainViewID="11095EC3-8FF4-3B00-08F9-8B8872C0707F">
<createdBy>brandon.harrington</createdBy>
<createdTime>2020-01-28 15:11:34 UTC</createdTime>
<ownerDesignName>ER diagram 3</ownerDesignName>
<shouldBeOpen>true</shouldBeOpen>
<selectedRDBMSSite>32076570-2523-435C-2E92-BF29817DFF70</selectedRDBMSSite>
</relationalModel>