<?xml version = '1.0' encoding = 'UTF-8'?>
<Relation class="oracle.dbtools.crest.model.design.logical.Relation" name="Relation_38" directorySegmentName="seg_0" id="08158EE3-0D61-25C7-FF10-5EC94B32B75F">
<createdBy>RedNinja</createdBy>
<createdTime>2021-10-26 04:18:26 UTC</createdTime>
<ownerDesignName>er diagram</ownerDesignName>
<engineerTo>
<item key="1A71CFE1-0F22-FA71-95E8-E587F36DC08C" value="true"/>
</engineerTo>
<sourcePk>EC5D0D57-C0AA-2C3B-7769-42A36E776FE3</sourcePk>
<targetPk>E083B2DF-940D-DAC7-4B7F-E3E918EA5218</targetPk>
<identifying>false</identifying>
<optionalSource>true</optionalSource>
<optionalTarget>false</optionalTarget>
<sourceCardinality>*</sourceCardinality>
<sourceEntity>A224B55D-D516-868C-41B9-66605AF227F3</sourceEntity>
<targetCardinalityString>1</targetCardinalityString>
<targetEntity>963AA9CA-559D-076E-3D34-9F07A2FDDC3F</targetEntity>
<transferable>true</transferable>
<deleteRule>NO ACTION</deleteRule>
</Relation>