<?xml version = '1.0' encoding = 'UTF-8'?>
<Relation class="oracle.dbtools.crest.model.design.logical.Relation" name="Relation_34" directorySegmentName="seg_0" id="66071961-47BF-5EB6-CBE5-32ED2A0E7C8E">
<createdBy>RedNinja</createdBy>
<createdTime>2021-10-26 04:06:31 UTC</createdTime>
<ownerDesignName>er diagram</ownerDesignName>
<engineerTo>
<item key="1A71CFE1-0F22-FA71-95E8-E587F36DC08C" value="true"/>
</engineerTo>
<sourcePk>EED88DB3-1712-C4E5-748E-99EBB6045AE2</sourcePk>
<targetPk>E083B2DF-940D-DAC7-4B7F-E3E918EA5218</targetPk>
<identifying>false</identifying>
<optionalSource>true</optionalSource>
<optionalTarget>false</optionalTarget>
<sourceCardinality>*</sourceCardinality>
<sourceEntity>8FE1C2AC-8685-A672-037E-2D58FFCDC5E8</sourceEntity>
<targetCardinalityString>1</targetCardinalityString>
<targetEntity>963AA9CA-559D-076E-3D34-9F07A2FDDC3F</targetEntity>
<transferable>true</transferable>
<deleteRule>NO ACTION</deleteRule>
</Relation>