<?xml version = '1.0' encoding = 'UTF-8'?>
<Relation class="oracle.dbtools.crest.model.design.logical.Relation" name="Relation_29" directorySegmentName="seg_0" id="C50EE291-0A96-D94E-2463-D04BAC84C564">
<createdBy>RedNinja</createdBy>
<createdTime>2021-10-26 00:25:16 UTC</createdTime>
<ownerDesignName>er diagram</ownerDesignName>
<engineerTo>
<item key="1A71CFE1-0F22-FA71-95E8-E587F36DC08C" value="true"/>
</engineerTo>
<identifying>false</identifying>
<nameOnSource>takes</nameOnSource>
<optionalSource>true</optionalSource>
<optionalTarget>false</optionalTarget>
<sourceCardinality>*</sourceCardinality>
<sourceEntity>8FE1C2AC-8685-A672-037E-2D58FFCDC5E8</sourceEntity>
<targetCardinalityString>*</targetCardinalityString>
<targetEntity>24B8F8EB-6825-494A-3D45-449294785F5E</targetEntity>
<transferable>true</transferable>
<deleteRule>NO ACTION</deleteRule>
</Relation>