<?xml version = '1.0' encoding = 'UTF-8'?>
<Relation class="oracle.dbtools.crest.model.design.logical.Relation" name="Relation_9" directorySegmentName="seg_0" id="CDD7FB7B-3387-ED1A-310A-77A569B28083">
<createdBy>bharr</createdBy>
<createdTime>2021-11-04 18:37:23 UTC</createdTime>
<ownerDesignName>er diagram</ownerDesignName>
<engineerTo>
<item key="1A71CFE1-0F22-FA71-95E8-E587F36DC08C" value="true"/>
</engineerTo>
<sourcePk>EED88DB3-1712-C4E5-748E-99EBB6045AE2</sourcePk>
<identifying>false</identifying>
<optionalSource>true</optionalSource>
<optionalTarget>false</optionalTarget>
<sourceCardinality>1</sourceCardinality>
<sourceEntity>8FE1C2AC-8685-A672-037E-2D58FFCDC5E8</sourceEntity>
<targetCardinalityString>*</targetCardinalityString>
<targetEntity>D0D8094C-AF08-BB67-B08F-F0AA323A17A7</targetEntity>
<transferable>true</transferable>
<deleteRule>NO ACTION</deleteRule>
</Relation>