<?xml version = '1.0' encoding = 'UTF-8'?>
<Relation class="oracle.dbtools.crest.model.design.logical.Relation" name="Relation_37" directorySegmentName="seg_0" id="D9B9D916-C202-F28D-AD9F-E570EC16D79F">
<createdBy>RedNinja</createdBy>
<createdTime>2021-10-26 04:07:16 UTC</createdTime>
<ownerDesignName>er diagram</ownerDesignName>
<engineerTo>
<item key="1A71CFE1-0F22-FA71-95E8-E587F36DC08C" value="true"/>
</engineerTo>
<targetPk>40994551-8792-BBFB-7C75-E1CF67EA54A7</targetPk>
<identifying>false</identifying>
<optionalSource>true</optionalSource>
<optionalTarget>false</optionalTarget>
<sourceCardinality>*</sourceCardinality>
<sourceEntity>D0D8094C-AF08-BB67-B08F-F0AA323A17A7</sourceEntity>
<targetCardinalityString>1</targetCardinalityString>
<targetEntity>24B8F8EB-6825-494A-3D45-449294785F5E</targetEntity>
<transferable>true</transferable>
<deleteRule>NO ACTION</deleteRule>
</Relation>