<?xml version = '1.0' encoding = 'UTF-8'?>
<Diagram class="oracle.dbtools.crest.swingui.logical.DPVLogical" name="Logical" id="F2B4AA82-741C-EBD5-FDA0-3AD36AF0CC1B">
<createdBy>brandon.harrington</createdBy>
<modifiedBy>brandon.harrington</modifiedBy>
<createdTime>2020-01-28 15:12:02 UTC</createdTime>
<autoRoute>false</autoRoute>
<boxInbox>true</boxInbox>
<showLegend>true</showLegend>
<showLabels>true</showLabels>
<showRelAttributes>false</showRelAttributes>
<gridEnabled>true</gridEnabled>
<showGrid>false</showGrid>
<diagramColor>-1</diagramColor>
<legendPosX>890</legendPosX>
<legendPosY>30</legendPosY>
<legendAttributes>122</legendAttributes>
<display>false</display>
<notation>1</notation>
<objectViews>
<OView class="oracle.dbtools.crest.swingui.logical.TVEntity" oid="24B8F8EB-6825-494A-3D45-449294785F5E" otype="Entity" vid="1164FE3D-7999-4827-DEF9-E4DEDCF78424">
<hideElementsInCurrentOnly>false</hideElementsInCurrentOnly>
<bounds x="200" y="580" width="205" height="133"/>
</OView>
<OView class="oracle.dbtools.crest.swingui.TVLegend" oid="62767081-41B3-2AFE-6EAD-3DB920D04BB0" otype="Legend" vid="3DADE1B7-6802-D3DC-4484-677641088AB9">
<hideElementsInCurrentOnly>false</hideElementsInCurrentOnly>
<bounds x="890" y="30" width="232" height="116"/>
</OView>
<OView class="oracle.dbtools.crest.swingui.logical.TVEntity" oid="8FE1C2AC-8685-A672-037E-2D58FFCDC5E8" otype="Entity" vid="6089018E-A183-5EAE-60B6-B50C8AECAA1D">
<hideElementsInCurrentOnly>false</hideElementsInCurrentOnly>
<bounds x="50" y="300" width="205" height="133"/>
</OView>
<OView class="oracle.dbtools.crest.swingui.logical.TVEntity" oid="963AA9CA-559D-076E-3D34-9F07A2FDDC3F" otype="Entity" vid="61C39DC0-4ED9-18CF-4A8A-68E19834CC22">
<hideElementsInCurrentOnly>false</hideElementsInCurrentOnly>
<bounds x="350" y="110" width="205" height="133"/>
</OView>
<OView class="oracle.dbtools.crest.swingui.logical.TVEntity" oid="A224B55D-D516-868C-41B9-66605AF227F3" otype="Entity" vid="41F159AD-46E7-12FF-B77F-E1E0AA133C68">
<hideElementsInCurrentOnly>false</hideElementsInCurrentOnly>
<bounds x="50" y="60" width="205" height="133"/>
</OView>
<OView class="oracle.dbtools.crest.swingui.logical.TVEntity" oid="D0D8094C-AF08-BB67-B08F-F0AA323A17A7" otype="Entity" vid="5B46EB97-1935-4CAE-6BC5-F60BB8B73C76">
<hideElementsInCurrentOnly>false</hideElementsInCurrentOnly>
<bounds x="490" y="350" width="205" height="133"/>
</OView>
</objectViews>
<connectors>
<Connector class="oracle.dbtools.crest.swingui.logical.TVRelation" oid="08158EE3-0D61-25C7-FF10-5EC94B32B75F" otype="Relation" vid_source="41F159AD-46E7-12FF-B77F-E1E0AA133C68" vid_target="61C39DC0-4ED9-18CF-4A8A-68E19834CC22">
<hideElementsInCurrentOnly>false</hideElementsInCurrentOnly>
<backgroundColor>-16777216</backgroundColor>
<lineWidth>1</lineWidth>
<points>
<point x="255" y="151"/>
<point x="350" y="151"/>
</points>
</Connector>
<Connector class="oracle.dbtools.crest.swingui.logical.TVRelation" oid="66071961-47BF-5EB6-CBE5-32ED2A0E7C8E" otype="Relation" vid_source="6089018E-A183-5EAE-60B6-B50C8AECAA1D" vid_target="61C39DC0-4ED9-18CF-4A8A-68E19834CC22">
<hideElementsInCurrentOnly>false</hideElementsInCurrentOnly>
<backgroundColor>-16777216</backgroundColor>
<lineWidth>1</lineWidth>
<points>
<point x="255" y="301"/>
<point x="350" y="241"/>
</points>
</Connector>
<Connector class="oracle.dbtools.crest.swingui.logical.TVRelation" oid="C50EE291-0A96-D94E-2463-D04BAC84C564" otype="Relation" vid_source="6089018E-A183-5EAE-60B6-B50C8AECAA1D" vid_target="1164FE3D-7999-4827-DEF9-E4DEDCF78424">
<hideElementsInCurrentOnly>false</hideElementsInCurrentOnly>
<backgroundColor>-16777216</backgroundColor>
<lineWidth>1</lineWidth>
<points>
<point x="227" y="433"/>
<point x="227" y="580"/>
</points>
</Connector>
<Connector class="oracle.dbtools.crest.swingui.logical.TVRelation" oid="CDD7FB7B-3387-ED1A-310A-77A569B28083" otype="Relation" vid_source="6089018E-A183-5EAE-60B6-B50C8AECAA1D" vid_target="5B46EB97-1935-4CAE-6BC5-F60BB8B73C76">
<hideElementsInCurrentOnly>false</hideElementsInCurrentOnly>
<backgroundColor>-16777216</backgroundColor>
<lineWidth>1</lineWidth>
<points>
<point x="255" y="391"/>
<point x="490" y="391"/>
</points>
</Connector>
<Connector class="oracle.dbtools.crest.swingui.logical.TVRelation" oid="D9B9D916-C202-F28D-AD9F-E570EC16D79F" otype="Relation" vid_source="5B46EB97-1935-4CAE-6BC5-F60BB8B73C76" vid_target="1164FE3D-7999-4827-DEF9-E4DEDCF78424">
<hideElementsInCurrentOnly>false</hideElementsInCurrentOnly>
<backgroundColor>-16777216</backgroundColor>
<lineWidth>1</lineWidth>
<points>
<point x="508" y="483"/>
<point x="371" y="580"/>
</points>
</Connector>
</connectors>
</Diagram>