<?xml version = '1.0' encoding = 'UTF-8'?>
<Entity class="oracle.dbtools.crest.model.design.logical.Entity" directorySegmentName="seg_0" id="24B8F8EB-6825-494A-3D45-449294785F5E" name="courses">
<createdBy>RedNinja</createdBy>
<createdTime>2021-10-25 23:46:25 UTC</createdTime>
<ownerDesignName>er diagram</ownerDesignName>
<engineerTo>
<item key="1A71CFE1-0F22-FA71-95E8-E587F36DC08C" value="true"/>
</engineerTo>
<adequatelyNormalized>NO</adequatelyNormalized>
<expectedVolumes>0</expectedVolumes>
<fwdEngineeringStrategyName>Single Table</fwdEngineeringStrategyName>
<growthPercent>0</growthPercent>
<growthType>Year</growthType>
<maxVolumes>9999999</maxVolumes>
<minVolumes>0</minVolumes>
<normalForm>Third</normalForm>
<attributes itemClass="oracle.dbtools.crest.model.design.logical.Attribute">
<Attribute name="CourseID" id="D48F592E-4F03-E858-0284-338E955A50A1">
<createdBy>RedNinja</createdBy>
<createdTime>2021-10-25 23:46:25 UTC</createdTime>
<ownerDesignName>er diagram</ownerDesignName>
<engineerTo>
<item key="1A71CFE1-0F22-FA71-95E8-E587F36DC08C" value="true"/>
</engineerTo>
<useDomainConstraints>false</useDomainConstraints>
<use>1</use>
<logicalDatatype>LOGDT011</logicalDatatype>
<ownDataTypeParameters>,,</ownDataTypeParameters>
</Attribute>
<Attribute name="Course Name" id="F3398010-3FCA-769C-C623-586EE7C9550F">
<createdBy>RedNinja</createdBy>
<createdTime>2021-10-25 23:47:02 UTC</createdTime>
<ownerDesignName>er diagram</ownerDesignName>
<engineerTo>
<item key="1A71CFE1-0F22-FA71-95E8-E587F36DC08C" value="true"/>
</engineerTo>
<nullsAllowed>true</nullsAllowed>
<useDomainConstraints>false</useDomainConstraints>
<use>1</use>
<logicalDatatype>A3A3C77D-0366-9768-FF89-1C25E56881C8</logicalDatatype>
<ownDataTypeParameters>,,</ownDataTypeParameters>
</Attribute>
<Attribute name="Credit " id="BF6AA5EB-905E-38F1-0CC3-842D47766201">
<createdBy>RedNinja</createdBy>
<createdTime>2021-10-26 00:10:04 UTC</createdTime>
<ownerDesignName>er diagram</ownerDesignName>
<engineerTo>
<item key="1A71CFE1-0F22-FA71-95E8-E587F36DC08C" value="true"/>
</engineerTo>
<nullsAllowed>true</nullsAllowed>
<useDomainConstraints>false</useDomainConstraints>
<use>1</use>
<logicalDatatype>LOGDT011</logicalDatatype>
<ownDataTypeParameters>,,</ownDataTypeParameters>
</Attribute>
<Attribute name="Time" id="83477681-B21C-25D6-D155-66C3FBB331D2">
<createdBy>RedNinja</createdBy>
<createdTime>2021-10-26 00:11:08 UTC</createdTime>
<ownerDesignName>er diagram</ownerDesignName>
<engineerTo>
<item key="1A71CFE1-0F22-FA71-95E8-E587F36DC08C" value="true"/>
</engineerTo>
<nullsAllowed>true</nullsAllowed>
<useDomainConstraints>false</useDomainConstraints>
<use>1</use>
<logicalDatatype>A3A3C77D-0366-9768-FF89-1C25E56881C8</logicalDatatype>
<ownDataTypeParameters>,,</ownDataTypeParameters>
</Attribute>
</attributes>
<identifiers itemClass="oracle.dbtools.crest.model.design.logical.CandidateKey">
<identifier id="40994551-8792-BBFB-7C75-E1CF67EA54A7" name="donor PK">
<createdBy>RedNinja</createdBy>
<createdTime>2021-10-25 23:46:25 UTC</createdTime>
<ownerDesignName>er diagram</ownerDesignName>
<engineerTo>
<item key="1A71CFE1-0F22-FA71-95E8-E587F36DC08C" value="true"/>
</engineerTo>
<pk>true</pk>
<usedAttributes>
<attributeRef>D48F592E-4F03-E858-0284-338E955A50A1</attributeRef>
</usedAttributes>
</identifier>
</identifiers>
</Entity>