<?xml version = '1.0' encoding = 'UTF-8'?>
<Entity class="oracle.dbtools.crest.model.design.logical.Entity" directorySegmentName="seg_0" id="D0D8094C-AF08-BB67-B08F-F0AA323A17A7" name="courses offering">
<createdBy>RedNinja</createdBy>
<createdTime>2021-10-26 00:14:15 UTC</createdTime>
<ownerDesignName>er diagram</ownerDesignName>
<engineerTo>
<item key="1A71CFE1-0F22-FA71-95E8-E587F36DC08C" value="true"/>
</engineerTo>
<adequatelyNormalized>NO</adequatelyNormalized>
<expectedVolumes>0</expectedVolumes>
<fwdEngineeringStrategyName>Single Table</fwdEngineeringStrategyName>
<growthPercent>0</growthPercent>
<growthType>Year</growthType>
<maxVolumes>9999999</maxVolumes>
<minVolumes>0</minVolumes>
<normalForm>Third</normalForm>
<attributes itemClass="oracle.dbtools.crest.model.design.logical.Attribute">
<Attribute name="CourseID" id="A3D66099-18D3-250D-5CAA-E71DF4BEB022">
<createdBy>RedNinja</createdBy>
<createdTime>2021-10-26 00:14:15 UTC</createdTime>
<ownerDesignName>er diagram</ownerDesignName>
<engineerTo>
<item key="1A71CFE1-0F22-FA71-95E8-E587F36DC08C" value="true"/>
</engineerTo>
<useDomainConstraints>false</useDomainConstraints>
<use>1</use>
<logicalDatatype>LOGDT011</logicalDatatype>
<ownDataTypeParameters>,,</ownDataTypeParameters>
</Attribute>
<Attribute name="Course Name" id="01CB39F8-8DC6-C41D-AAD0-6020B822B895">
<createdBy>RedNinja</createdBy>
<createdTime>2021-10-26 00:14:15 UTC</createdTime>
<ownerDesignName>er diagram</ownerDesignName>
<engineerTo>
<item key="1A71CFE1-0F22-FA71-95E8-E587F36DC08C" value="true"/>
</engineerTo>
<nullsAllowed>true</nullsAllowed>
<useDomainConstraints>false</useDomainConstraints>
<use>1</use>
<logicalDatatype>A3A3C77D-0366-9768-FF89-1C25E56881C8</logicalDatatype>
<ownDataTypeParameters>,,</ownDataTypeParameters>
</Attribute>
<Attribute name="Credit " id="C7978515-E81E-F1E0-E54D-A35E8962E067">
<createdBy>RedNinja</createdBy>
<createdTime>2021-10-26 00:14:15 UTC</createdTime>
<ownerDesignName>er diagram</ownerDesignName>
<engineerTo>
<item key="1A71CFE1-0F22-FA71-95E8-E587F36DC08C" value="true"/>
</engineerTo>
<nullsAllowed>true</nullsAllowed>
<useDomainConstraints>false</useDomainConstraints>
<use>1</use>
<logicalDatatype>LOGDT011</logicalDatatype>
<ownDataTypeParameters>,,</ownDataTypeParameters>
</Attribute>
<Attribute name="SectionNo" id="6BE418F4-A3C3-9605-7810-23E2649B1020">
<createdBy>RedNinja</createdBy>
<createdTime>2021-10-26 00:14:38 UTC</createdTime>
<ownerDesignName>er diagram</ownerDesignName>
<engineerTo>
<item key="1A71CFE1-0F22-FA71-95E8-E587F36DC08C" value="true"/>
</engineerTo>
<nullsAllowed>true</nullsAllowed>
<useDomainConstraints>false</useDomainConstraints>
<use>1</use>
<logicalDatatype>LOGDT011</logicalDatatype>
<ownDataTypeParameters>,,</ownDataTypeParameters>
</Attribute>
<Attribute name="Semester" id="B83456FE-A45B-82D1-5199-E316A484822C">
<createdBy>RedNinja</createdBy>
<createdTime>2021-10-26 00:15:25 UTC</createdTime>
<ownerDesignName>er diagram</ownerDesignName>
<engineerTo>
<item key="1A71CFE1-0F22-FA71-95E8-E587F36DC08C" value="true"/>
</engineerTo>
<nullsAllowed>true</nullsAllowed>
<useDomainConstraints>false</useDomainConstraints>
<use>1</use>
<logicalDatatype>LOGDT025</logicalDatatype>
<ownDataTypeParameters>,,</ownDataTypeParameters>
</Attribute>
<Attribute name="CourseID1" id="00D3BD10-612B-9301-ED99-E9BD64259324">
<createdBy>bharr</createdBy>
<createdTime>2021-11-04 18:28:30 UTC</createdTime>
<generatorID>D9B9D916-C202-F28D-AD9F-E570EC16D79F</generatorID>
<ownerDesignName>er diagram</ownerDesignName>
<engineerTo>
<item key="1A71CFE1-0F22-FA71-95E8-E587F36DC08C" value="true"/>
</engineerTo>
<nullsAllowed>true</nullsAllowed>
<referedAttribute>D48F592E-4F03-E858-0284-338E955A50A1</referedAttribute>
<useDomainConstraints>false</useDomainConstraints>
<use>1</use>
<logicalDatatype>LOGDT011</logicalDatatype>
<ownDataTypeParameters>,,</ownDataTypeParameters>
</Attribute>
<Attribute name="ID" id="757827F3-4892-A80A-F9C9-0A6D8E41519F">
<createdBy>bharr</createdBy>
<createdTime>2021-11-04 18:37:23 UTC</createdTime>
<generatorID>CDD7FB7B-3387-ED1A-310A-77A569B28083</generatorID>
<ownerDesignName>er diagram</ownerDesignName>
<engineerTo>
<item key="1A71CFE1-0F22-FA71-95E8-E587F36DC08C" value="true"/>
</engineerTo>
<referedAttribute>8F2061CE-875E-486D-D3B2-3372C8408C07</referedAttribute>
<useDomainConstraints>false</useDomainConstraints>
<use>1</use>
<logicalDatatype>LOGDT011</logicalDatatype>
<ownDataTypeParameters>,,</ownDataTypeParameters>
</Attribute>
</attributes>
<identifiers itemClass="oracle.dbtools.crest.model.design.logical.CandidateKey">
<identifier id="5F338950-E5E5-1701-34A3-BD59B81DC59D" name="donor PK">
<createdBy>RedNinja</createdBy>
<createdTime>2021-10-26 00:14:15 UTC</createdTime>
<ownerDesignName>er diagram</ownerDesignName>
<engineerTo>
<item key="1A71CFE1-0F22-FA71-95E8-E587F36DC08C" value="true"/>
</engineerTo>
<pk>true</pk>
<usedAttributes>
<attributeRef>A3D66099-18D3-250D-5CAA-E71DF4BEB022</attributeRef>
</usedAttributes>
</identifier>
</identifiers>
</Entity>